{
  "TveItem": {
    "C3": "false",
    "Title": {
      "Id": "736356",
      "Type": "Feature Film",
      "Network": {
        "Net": "TBS"
      },
      "AssetId": "TBSE1001041600029993",
      "TitleName": "Year One",
      "Duration": {
        "ActualSeconds": "5148",
        "DisplayMinutes": "90"
      },
      "SearchName": "Year One",
      "Released": {
        "Year": "2009"
      },
      "MetaKeywords": "Year One, Jack Black, Michael Cera, Oliver Platt, Olivia Wilde, Paul Rudd, David Cross, TBS, Comedy",
      "Genre": "Comedy",
      "TVRatingCode": "TV-14-DLSV",
      "StoryLine": "When a couple of lazy hunter-gatherers are banished from their primitive village, they set off on an epic journey through the ancient world.",
      "StoryLineShort": "When a couple of lazy hunter-gatherers are banished from their primitive village, they set off on an epic journey through the ancient world.",
      "Airings": {
        "Airing": [
          {
            "Date": "2016-03-30T02:30:00"
          },
          {
            "Date": "2016-02-06T03:30:00"
          },
          {
            "Date": "2016-01-20T02:30:00"
          },
          {
            "Date": "2015-10-16T02:48:00"
          },
          {
            "Date": "2015-09-26T10:30:00"
          }
        ]
      },
      "OriginalPremierDate": {
        "Date": "2013-07-28"
      },
      "SeriesName": "Year One",
      "EpisodeNumber": {},
      "SeasonNumber": "0",
      "EpisodeTitle": "Year One",
      "Participants": {
        "Participant": [
          {
            "Name": "Jack Black"
          },
          {
            "Name": "Michael Cera"
          },
          {
            "Name": "Oliver Platt"
          },
          {
            "Name": "Olivia Wilde"
          },
          {
            "Name": "Paul Rudd"
          },
          {
            "Name": "David Cross"
          }
        ]
      },
      "ExternalIds": {
        "ExternalId": {
          "Source": "TMS",
          "Type": "Episode",
          "Value": "MV002385260000"
        }
      }
    },
    "Flights": {
      "Flight": {
        "Start": "2016-02-06T08:30:00",
        "End": "2016-02-13T08:29:59",
        "Auth": "Y"
      }
    },
    "AdBreaks": {
      "AdBreak": [
        {
          "Start": "00:22:36:11",
          "End": "00:22:39:11"
        },
        {
          "Start": "00:32:32:12",
          "End": "00:32:35:12"
        },
        {
          "Start": "00:42:24:01",
          "End": "00:42:27:01"
        },
        {
          "Start": "00:51:16:12",
          "End": "00:51:19:12"
        },
        {
          "Start": "01:00:36:24",
          "End": "01:00:39:24"
        },
        {
          "Start": "01:11:10:26",
          "End": "01:11:13:26"
        },
        {
          "Start": "01:22:15:25",
          "End": "01:22:18:25"
        }
      ]
    },
    "ContentSegments": {
      "ContentSegment": [
        {
          "Start": "00:00:03:00",
          "End": "00:22:36:11"
        },
        {
          "Start": "00:22:39:11",
          "End": "00:32:32:12"
        },
        {
          "Start": "00:32:35:12",
          "End": "00:42:24:01"
        },
        {
          "Start": "00:42:27:01",
          "End": "00:51:16:12"
        },
        {
          "Start": "00:51:19:12",
          "End": "01:00:36:24"
        },
        {
          "Start": "01:00:39:24",
          "End": "01:11:10:26"
        },
        {
          "Start": "01:11:13:26",
          "End": "01:22:15:25"
        },
        {
          "Start": "01:22:18:25",
          "End": "01:26:12:24"
        }
      ]
    },
    "Assets": {
      "Asset": [
        {
          "FileName": "TBSE1001041600029993_B9R2.mp4",
          "Bitrate": "600",
          "Width": "640",
          "Height": "360",
          "AudioType": "Stereo"
        },
        {
          "FileName": "TBSE1001041600029993_B12R6.mp4",
          "Bitrate": "2500",
          "Width": "960",
          "Height": "540",
          "AudioType": "Stereo"
        },
        {
          "FileName": "TBSE1001041600029993_B14R7.mp4",
          "Bitrate": "1900",
          "Width": "848",
          "Height": "480",
          "AudioType": "Stereo"
        },
        {
          "FileName": "TBSE1001041600029993_B4R1.mp4",
          "Bitrate": "5120",
          "Width": "1280",
          "Height": "720",
          "AudioType": "Stereo"
        },
        {
          "FileName": "TBSE1001041600029993_B5R2.mp4",
          "Bitrate": "1000",
          "Width": "640",
          "Height": "360",
          "AudioType": "Stereo"
        },
        {
          "FileName": "TBSE1001041600029993_B13R1.mp4",
          "Bitrate": "3500",
          "Width": "1280",
          "Height": "720",
          "AudioType": "Stereo"
        },
        {
          "FileName": "TBSE1001041600029993_B8R5.mp4",
          "Bitrate": "400",
          "Width": "416",
          "Height": "240",
          "AudioType": "Stereo"
        },
        {
          "FileName": "TBSE1001041600029993_B10R2.mp4",
          "Bitrate": "800",
          "Width": "640",
          "Height": "360",
          "AudioType": "Stereo"
        },
        {
          "FileName": "TBSE1001041600029993_B11R2.mp4",
          "Bitrate": "1400",
          "Width": "640",
          "Height": "360",
          "AudioType": "Stereo"
        }
      ]
    },
    "Thumbs": {
      "AltText": "Year One",
      "Thumb": [
        {
          "Width": "96",
          "Height": "72",
          "ImageUrl": "TBSE1001041600029993_022_96x72.jpg"
        },
        {
          "Width": "1280",
          "Height": "720",
          "ImageUrl": "TBSE1001041600029993_022_1280x720.png"
        },
        {
          "Width": "1280",
          "Height": "720",
          "ImageUrl": "TBSE1001041600029993_022_1280x720.jpg"
        },
        {
          "Width": "640",
          "Height": "360",
          "ImageUrl": "TBSE1001041600029993_022_640x360.jpg"
        }
      ]
    },
    "Playback": {
      "FF": {
        "allowed": "true"
      },
      "ProgrammerBrandingReq": {
        "Required": "false"
      }
    },
    "Restrictions": {},
    "TurnerPrivate": {
      "Flights": {
        "Flight": [
          {
            "FeedId": "153",
            "Start": "2016-02-06T08:30:00",
            "End": "2016-02-13T08:29:59",
            "Auth": "Y"
          },
          {
            "FeedId": "154",
            "Start": "2016-02-06T08:30:00",
            "End": "2016-02-13T08:29:59",
            "Auth": "Y"
          },
          {
            "FeedId": "260",
            "Start": "2016-02-06T08:30:00",
            "End": "2016-02-13T08:29:59",
            "Auth": "Y"
          },
          {
            "FeedId": "397",
            "Start": "2016-02-06T08:30:00",
            "End": "2016-02-13T08:29:59",
            "Auth": "Y"
          }
        ]
      },
      "PgmBucket": {
        "Value": "5"
      },
      "PullOutAdv": {
        "Value": "false"
      },
      "CaptionsEncoded": "true",
      "ResearchCategory": "Full Episode Segment",
      "IsActive": "False",
      "FranchiseId": "346985",
      "SeriesId": "0",
      "AdCategory": "episode",
      "Assets": {
        "Asset": [
          {
            "FileName": "TBSE1001041600029993_B9R2.mp4",
            "mp4DrmArl": "/mp4:flash/tveverywhere/2016-02/TBSE1001041600029993_B9R2.mp4",
            "Bitrate": "600",
            "Width": "640",
            "Height": "360",
            "AudioType": "Stereo"
          },
          {
            "FileName": "TBSE1001041600029993_B12R6.mp4",
            "mp4DrmArl": "/mp4:flash/tveverywhere/2016-02/TBSE1001041600029993_B12R6.mp4",
            "Bitrate": "2500",
            "Width": "960",
            "Height": "540",
            "AudioType": "Stereo"
          },
          {
            "FileName": "TBSE1001041600029993_B14R7.mp4",
            "mp4DrmArl": "/mp4:flash/tveverywhere/2016-02/TBSE1001041600029993_B14R7.mp4",
            "Bitrate": "1900",
            "Width": "848",
            "Height": "480",
            "AudioType": "Stereo"
          },
          {
            "FileName": "TBSE1001041600029993_B4R1.mp4",
            "mp4DrmArl": "/mp4:flash/tveverywhere/2016-02/TBSE1001041600029993_B4R1.mp4",
            "Bitrate": "5120",
            "Width": "1280",
            "Height": "720",
            "AudioType": "Stereo"
          },
          {
            "FileName": "TBSE1001041600029993_iphone_vod.m3u8",
            "mp4DrmArl": "/secure/tve/2016-02/TBSE1001041600029993_HLS/TBSE1001041600029993_iphone_vod.m3u8",
            "Type": "HLS"
          },
          {
            "FileName": "TBSE1001041600029993_ipad_vod.m3u8",
            "mp4DrmArl": "/secure/tve/2016-02/TBSE1001041600029993_HLS/TBSE1001041600029993_ipad_vod.m3u8",
            "Type": "HLS"
          },
          {
            "FileName": "set_TBSE1001041600029993.f4m",
            "mp4DrmArl": "/2016-02/TBSE1001041600029993/set_TBSE1001041600029993.f4m",
            "Bitrate": "SD",
            "Type": "HDS"
          },
          {
            "FileName": "TBSE1001041600029993_B5R2.mp4",
            "mp4DrmArl": "/mp4:flash/tveverywhere/2016-02/TBSE1001041600029993_B5R2.mp4",
            "Bitrate": "1000",
            "Width": "640",
            "Height": "360",
            "AudioType": "Stereo"
          },
          {
            "FileName": "TBSE1001041600029993_B13R1.mp4",
            "mp4DrmArl": "/mp4:flash/tveverywhere/2016-02/TBSE1001041600029993_B13R1.mp4",
            "Bitrate": "3500",
            "Width": "1280",
            "Height": "720",
            "AudioType": "Stereo"
          },
          {
            "FileName": "TBSE1001041600029993_B8R5.mp4",
            "mp4DrmArl": "/mp4:flash/tveverywhere/2016-02/TBSE1001041600029993_B8R5.mp4",
            "Bitrate": "400",
            "Width": "416",
            "Height": "240",
            "AudioType": "Stereo"
          },
          {
            "FileName": "TBSE1001041600029993_B10R2.mp4",
            "mp4DrmArl": "/mp4:flash/tveverywhere/2016-02/TBSE1001041600029993_B10R2.mp4",
            "Bitrate": "800",
            "Width": "640",
            "Height": "360",
            "AudioType": "Stereo"
          },
          {
            "FileName": "TBSE1001041600029993_B11R2.mp4",
            "mp4DrmArl": "/mp4:flash/tveverywhere/2016-02/TBSE1001041600029993_B11R2.mp4",
            "Bitrate": "1400",
            "Width": "640",
            "Height": "360",
            "AudioType": "Stereo"
          }
        ]
      },
      "WebFlags": {},
      "SeasonItemNumber": {},
      "Thumbs": {
        "ThumbSet": [
          {
            "Name": "Thumbs1",
            "AltText": "Year One",
            "Thumb": [
              {
                "contentName": "TBSE1001041600029993_022_96x72.jpg",
                "Width": "96",
                "Height": "72",
                "SrcUrl": "/home/ideutil/tveData/tbs/TBSE1001041600029993_022_96x72.jpg"
              },
              {
                "contentName": "TBSE1001041600029993_022_1280x720.png",
                "Width": "1280",
                "Height": "720",
                "SrcUrl": "/home/ideutil/tveData/tbs/TBSE1001041600029993_022_1280x720.png"
              },
              {
                "contentName": "TBSE1001041600029993_022_1280x720.jpg",
                "Width": "1280",
                "Height": "720",
                "SrcUrl": "/home/ideutil/tveData/tbs/TBSE1001041600029993_022_1280x720.jpg"
              },
              {
                "contentName": "TBSE1001041600029993_022_640x360.jpg",
                "Width": "640",
                "Height": "360",
                "SrcUrl": "/home/ideutil/tveData/tbs/TBSE1001041600029993_022_640x360.jpg"
              }
            ]
          },
          {
            "Name": "Thumbs2",
            "AltText": "Year One",
            "Thumb": [
              {
                "contentName": "TBSE1001041600029993_019_96x72.jpg",
                "Width": "96",
                "Height": "72",
                "SrcUrl": "/home/ideutil/tveData/tbs/TBSE1001041600029993_019_96x72.jpg"
              },
              {
                "contentName": "TBSE1001041600029993_019_1280x720.png",
                "Width": "1280",
                "Height": "720",
                "SrcUrl": "/home/ideutil/tveData/tbs/TBSE1001041600029993_019_1280x720.png"
              },
              {
                "contentName": "TBSE1001041600029993_019_1280x720.jpg",
                "Width": "1280",
                "Height": "720",
                "SrcUrl": "/home/ideutil/tveData/tbs/TBSE1001041600029993_019_1280x720.jpg"
              },
              {
                "contentName": "TBSE1001041600029993_019_640x360.jpg",
                "Width": "640",
                "Height": "360",
                "SrcUrl": "/home/ideutil/tveData/tbs/TBSE1001041600029993_019_640x360.jpg"
              }
            ]
          },
          {
            "Name": "Thumbs3",
            "AltText": "Year One",
            "Thumb": [
              {
                "contentName": "TBSE1001041600029993_024_96x72.jpg",
                "Width": "96",
                "Height": "72",
                "SrcUrl": "/home/ideutil/tveData/tbs/TBSE1001041600029993_024_96x72.jpg"
              },
              {
                "contentName": "TBSE1001041600029993_024_1280x720.png",
                "Width": "1280",
                "Height": "720",
                "SrcUrl": "/home/ideutil/tveData/tbs/TBSE1001041600029993_024_1280x720.png"
              },
              {
                "contentName": "TBSE1001041600029993_024_1280x720.jpg",
                "Width": "1280",
                "Height": "720",
                "SrcUrl": "/home/ideutil/tveData/tbs/TBSE1001041600029993_024_1280x720.jpg"
              },
              {
                "contentName": "TBSE1001041600029993_024_640x360.jpg",
                "Width": "640",
                "Height": "360",
                "SrcUrl": "/home/ideutil/tveData/tbs/TBSE1001041600029993_024_640x360.jpg"
              }
            ]
          },
          {
            "Name": "Thumbs4",
            "AltText": "Year One",
            "Thumb": [
              {
                "contentName": "TBSE1001041600029993_029_96x72.jpg",
                "Width": "96",
                "Height": "72",
                "SrcUrl": "/home/ideutil/tveData/tbs/TBSE1001041600029993_029_96x72.jpg"
              },
              {
                "contentName": "TBSE1001041600029993_029_1280x720.png",
                "Width": "1280",
                "Height": "720",
                "SrcUrl": "/home/ideutil/tveData/tbs/TBSE1001041600029993_029_1280x720.png"
              },
              {
                "contentName": "TBSE1001041600029993_029_1280x720.jpg",
                "Width": "1280",
                "Height": "720",
                "SrcUrl": "/home/ideutil/tveData/tbs/TBSE1001041600029993_029_1280x720.jpg"
              },
              {
                "contentName": "TBSE1001041600029993_029_640x360.jpg",
                "Width": "640",
                "Height": "360",
                "SrcUrl": "/home/ideutil/tveData/tbs/TBSE1001041600029993_029_640x360.jpg"
              }
            ]
          },
          {
            "Name": "Thumbs5",
            "AltText": "Year One",
            "Thumb": [
              {
                "contentName": "TBSE1001041600029993_034_96x72.jpg",
                "Width": "96",
                "Height": "72",
                "SrcUrl": "/home/ideutil/tveData/tbs/TBSE1001041600029993_034_96x72.jpg"
              },
              {
                "contentName": "TBSE1001041600029993_034_1280x720.png",
                "Width": "1280",
                "Height": "720",
                "SrcUrl": "/home/ideutil/tveData/tbs/TBSE1001041600029993_034_1280x720.png"
              },
              {
                "contentName": "TBSE1001041600029993_034_1280x720.jpg",
                "Width": "1280",
                "Height": "720",
                "SrcUrl": "/home/ideutil/tveData/tbs/TBSE1001041600029993_034_1280x720.jpg"
              },
              {
                "contentName": "TBSE1001041600029993_034_640x360.jpg",
                "Width": "640",
                "Height": "360",
                "SrcUrl": "/home/ideutil/tveData/tbs/TBSE1001041600029993_034_640x360.jpg"
              }
            ]
          },
          {
            "Name": "Thumbs6",
            "AltText": "Year One",
            "Thumb": [
              {
                "contentName": "TBSE1001041600029993_039_96x72.jpg",
                "Width": "96",
                "Height": "72",
                "SrcUrl": "/home/ideutil/tveData/tbs/TBSE1001041600029993_039_96x72.jpg"
              },
              {
                "contentName": "TBSE1001041600029993_039_1280x720.png",
                "Width": "1280",
                "Height": "720",
                "SrcUrl": "/home/ideutil/tveData/tbs/TBSE1001041600029993_039_1280x720.png"
              },
              {
                "contentName": "TBSE1001041600029993_039_1280x720.jpg",
                "Width": "1280",
                "Height": "720",
                "SrcUrl": "/home/ideutil/tveData/tbs/TBSE1001041600029993_039_1280x720.jpg"
              },
              {
                "contentName": "TBSE1001041600029993_039_640x360.jpg",
                "Width": "640",
                "Height": "360",
                "SrcUrl": "/home/ideutil/tveData/tbs/TBSE1001041600029993_039_640x360.jpg"
              }
            ]
          },
          {
            "Name": "Thumbs7",
            "AltText": "Year One",
            "Thumb": [
              {
                "contentName": "TBSE1001041600029993_044_96x72.jpg",
                "Width": "96",
                "Height": "72",
                "SrcUrl": "/home/ideutil/tveData/tbs/TBSE1001041600029993_044_96x72.jpg"
              },
              {
                "contentName": "TBSE1001041600029993_044_1280x720.png",
                "Width": "1280",
                "Height": "720",
                "SrcUrl": "/home/ideutil/tveData/tbs/TBSE1001041600029993_044_1280x720.png"
              },
              {
                "contentName": "TBSE1001041600029993_044_1280x720.jpg",
                "Width": "1280",
                "Height": "720",
                "SrcUrl": "/home/ideutil/tveData/tbs/TBSE1001041600029993_044_1280x720.jpg"
              },
              {
                "contentName": "TBSE1001041600029993_044_640x360.jpg",
                "Width": "640",
                "Height": "360",
                "SrcUrl": "/home/ideutil/tveData/tbs/TBSE1001041600029993_044_640x360.jpg"
              }
            ]
          },
          {
            "Name": "Thumbs8",
            "AltText": "Year One",
            "Thumb": [
              {
                "contentName": "TBSE1001041600029993_049_96x72.jpg",
                "Width": "96",
                "Height": "72",
                "SrcUrl": "/home/ideutil/tveData/tbs/TBSE1001041600029993_049_96x72.jpg"
              },
              {
                "contentName": "TBSE1001041600029993_049_1280x720.png",
                "Width": "1280",
                "Height": "720",
                "SrcUrl": "/home/ideutil/tveData/tbs/TBSE1001041600029993_049_1280x720.png"
              },
              {
                "contentName": "TBSE1001041600029993_049_1280x720.jpg",
                "Width": "1280",
                "Height": "720",
                "SrcUrl": "/home/ideutil/tveData/tbs/TBSE1001041600029993_049_1280x720.jpg"
              },
              {
                "contentName": "TBSE1001041600029993_049_640x360.jpg",
                "Width": "640",
                "Height": "360",
                "SrcUrl": "/home/ideutil/tveData/tbs/TBSE1001041600029993_049_640x360.jpg"
              }
            ]
          },
          {
            "Name": "Thumbs9",
            "AltText": "Year One",
            "Thumb": [
              {
                "contentName": "TBSE1001041600029993_054_96x72.jpg",
                "Width": "96",
                "Height": "72",
                "SrcUrl": "/home/ideutil/tveData/tbs/TBSE1001041600029993_054_96x72.jpg"
              },
              {
                "contentName": "TBSE1001041600029993_054_1280x720.png",
                "Width": "1280",
                "Height": "720",
                "SrcUrl": "/home/ideutil/tveData/tbs/TBSE1001041600029993_054_1280x720.png"
              },
              {
                "contentName": "TBSE1001041600029993_054_1280x720.jpg",
                "Width": "1280",
                "Height": "720",
                "SrcUrl": "/home/ideutil/tveData/tbs/TBSE1001041600029993_054_1280x720.jpg"
              },
              {
                "contentName": "TBSE1001041600029993_054_640x360.jpg",
                "Width": "640",
                "Height": "360",
                "SrcUrl": "/home/ideutil/tveData/tbs/TBSE1001041600029993_054_640x360.jpg"
              }
            ]
          },
          {
            "Name": "Thumbs10",
            "AltText": "Year One",
            "Thumb": [
              {
                "contentName": "TBSE1001041600029993_059_96x72.jpg",
                "Width": "96",
                "Height": "72",
                "SrcUrl": "/home/ideutil/tveData/tbs/TBSE1001041600029993_059_96x72.jpg"
              },
              {
                "contentName": "TBSE1001041600029993_059_1280x720.png",
                "Width": "1280",
                "Height": "720",
                "SrcUrl": "/home/ideutil/tveData/tbs/TBSE1001041600029993_059_1280x720.png"
              },
              {
                "contentName": "TBSE1001041600029993_059_1280x720.jpg",
                "Width": "1280",
                "Height": "720",
                "SrcUrl": "/home/ideutil/tveData/tbs/TBSE1001041600029993_059_1280x720.jpg"
              },
              {
                "contentName": "TBSE1001041600029993_059_640x360.jpg",
                "Width": "640",
                "Height": "360",
                "SrcUrl": "/home/ideutil/tveData/tbs/TBSE1001041600029993_059_640x360.jpg"
              }
            ]
          }
        ]
      }
    }
  }
}
